-Infinity,NaN
-6.283185307179586,1.0
-3.141592653589793,-1.0
0.0,1.0
0.5,0.8775825648240586
1.0,0.5403022671007087
2.0,-0.4161496571224303
4.0,-0.6536461405513382
100.0,0.8623185142611721
Infinity,NaN
