-Infinity,NaN
-6.283185307179586,NaN
-3.141592653589793,NaN
0.0,-Infinity
0.5,-0.6931347573322881
1.0,0.0
2.0,0.6931347573322881
4.0,1.3862022241935728
100.0,4.603047387375541
Infinity,Infinity
