-Infinity,NaN
-6.283185307179586,NaN
-3.141592653589793,NaN
0.0,-Infinity
0.5,-0.6309832228675449
1.0,0.0
2.0,0.6309832228675449
4.0,1.261905189020125
100.0,4.190304475102036
Infinity,Infinity
