-Infinity,NaN
-6.283185307179586,1.0
-3.141592653589793,-1.0
0.0,1.0
0.5,1.1394939235153152
1.0,1.8508158504794996
2.0,-2.4029816747050745
4.0,-1.5298797590337165
100.0,1.1596643043861725
Infinity,NaN
