-Infinity,NaN
-6.283185307179586,0.0
-3.141592653589793,0.0
0.0,0.0
0.5,0.479425533234127
1.0,0.8414710097001764
2.0,0.9092961359628027
4.0,-0.7568003190686036
100.0,-0.5063662508129908
Infinity,NaN
