-Infinity,NaN
-6.283185307179586,0.0
-3.141592653589793,0.0
0.0,0.0
0.5,37.26011091069211
1.0,NaN
2.0,34.63339893956901
4.0,8.330851364925687
100.0,0.6173199573719738
Infinity,NaN
